{"stats":{"minecraft:custom":{"minecraft:time_since_rest":385399,"minecraft:sprint_one_cm":27123,"minecraft:damage_taken":100,"minecraft:walk_one_cm":123327,"minecraft:mob_kills":14,"minecraft:damage_dealt":30,"minecraft:fly_one_cm":406253,"minecraft:open_barrel":6,"minecraft:open_chest":5,"minecraft:crouch_one_cm":21740,"minecraft:play_time":385399,"minecraft:sneak_time":7172,"minecraft:walk_under_water_one_cm":346,"minecraft:jump":440,"minecraft:leave_game":6,"minecraft:time_since_death":385399,"minecraft:walk_on_water_one_cm":855,"minecraft:total_world_time":385399,"minecraft:fall_one_cm":1409},"minecraft:killed":{"minecraft:zombie":13,"minecraft:cow":1},"minecraft:picked_up":{"minecraft:stick":2,"minecraft:leather":2,"minecraft:oak_sign":2,"minecraft:rotten_flesh":14,"minecraft:beef":1},"minecraft:used":{"minecraft:frog_spawn_egg":1,"marbledsarsenal:riot_armor_chestplate":1,"minecraft:light":11,"minecraft:black_wool":24,"minecraft:lava_bucket":3,"marbledsarsenal:riot_armor_leggings":1,"minecraft:pig_spawn_egg":1,"minecraft:oak_sign":7,"tacz:gun_smith_table":1,"minecraft:axolotl_spawn_egg":1,"minecraft:stone":12,"minecraft:zombie_spawn_egg":10,"minecraft:piglin_brute_spawn_egg":1,"minecraft:barrel":8,"marbledsarsenal:riot_armor_helmet":1,"minecraft:bedrock":182,"minecraft:oak_door":10,"minecraft:bee_spawn_egg":1,"minecraft:rabbit_spawn_egg":1,"minecraft:skeleton_spawn_egg":9,"minecraft:guardian_spawn_egg":1,"minecraft:phantom_spawn_egg":1,"marbledsarsenal:riot_armor_boots":1,"minecraft:piglin_spawn_egg":1,"minecraft:mule_spawn_egg":1,"minecraft:polar_bear_spawn_egg":1,"minecraft:goat_spawn_egg":1,"minecraft:allay_spawn_egg":1}},"DataVersion":3465}