{"stats":{"minecraft:custom":{"minecraft:time_since_rest":373399,"minecraft:open_chest":5,"minecraft:crouch_one_cm":17991,"minecraft:sprint_one_cm":26767,"minecraft:play_time":373399,"minecraft:damage_taken":100,"minecraft:walk_one_cm":98337,"minecraft:sneak_time":5915,"minecraft:walk_under_water_one_cm":346,"minecraft:mob_kills":14,"minecraft:jump":407,"minecraft:damage_dealt":30,"minecraft:leave_game":6,"minecraft:walk_on_water_one_cm":855,"minecraft:time_since_death":373399,"minecraft:total_world_time":373399,"minecraft:fall_one_cm":1409,"minecraft:fly_one_cm":400956},"minecraft:killed":{"minecraft:zombie":13,"minecraft:cow":1},"minecraft:picked_up":{"minecraft:stick":2,"minecraft:rotten_flesh":14,"minecraft:leather":2,"minecraft:beef":1},"minecraft:used":{"minecraft:bedrock":88,"minecraft:frog_spawn_egg":1,"marbledsarsenal:riot_armor_helmet":1,"minecraft:bee_spawn_egg":1,"marbledsarsenal:riot_armor_chestplate":1,"minecraft:light":4,"minecraft:black_wool":24,"minecraft:rabbit_spawn_egg":1,"marbledsarsenal:riot_armor_leggings":1,"minecraft:skeleton_spawn_egg":9,"minecraft:guardian_spawn_egg":1,"marbledsarsenal:riot_armor_boots":1,"minecraft:phantom_spawn_egg":1,"minecraft:axolotl_spawn_egg":1,"minecraft:pig_spawn_egg":1,"minecraft:piglin_spawn_egg":1,"minecraft:mule_spawn_egg":1,"tacz:gun_smith_table":1,"minecraft:polar_bear_spawn_egg":1,"minecraft:goat_spawn_egg":1,"minecraft:zombie_spawn_egg":10,"minecraft:allay_spawn_egg":1,"minecraft:piglin_brute_spawn_egg":1}},"DataVersion":3465}