{"stats":{"minecraft:custom":{"minecraft:time_since_rest":103723,"minecraft:crouch_one_cm":6439,"minecraft:play_time":103723,"minecraft:sprint_one_cm":12705,"minecraft:damage_taken":100,"minecraft:walk_one_cm":41691,"minecraft:sneak_time":2107,"minecraft:walk_under_water_one_cm":346,"minecraft:mob_kills":9,"minecraft:jump":186,"minecraft:damage_dealt":30,"minecraft:time_since_death":103723,"minecraft:walk_on_water_one_cm":650,"minecraft:total_world_time":103723,"minecraft:fall_one_cm":1409,"minecraft:fly_one_cm":227299},"minecraft:killed":{"minecraft:zombie":9},"minecraft:picked_up":{"minecraft:rotten_flesh":11},"minecraft:used":{"marbledsarsenal:riot_armor_helmet":1,"marbledsarsenal:riot_armor_chestplate":1,"marbledsarsenal:riot_armor_leggings":1,"minecraft:skeleton_spawn_egg":9,"marbledsarsenal:riot_armor_boots":1,"tacz:gun_smith_table":1,"minecraft:zombie_spawn_egg":10}},"DataVersion":3465}