{"stats":{"minecraft:picked_up":{"minecraft:leather":1,"minecraft:beef":2,"minecraft:gray_wool":1,"minecraft:mutton":2},"minecraft:killed":{"minecraft:sheep":3,"minecraft:zombie":1,"minecraft:cow":2},"minecraft:custom":{"minecraft:time_since_rest":143556,"minecraft:crouch_one_cm":1367,"minecraft:sprint_one_cm":27946,"minecraft:play_time":143556,"minecraft:walk_one_cm":26742,"minecraft:sneak_time":427,"minecraft:interact_with_anvil":4,"minecraft:mob_kills":6,"minecraft:jump":374,"minecraft:damage_dealt":45,"minecraft:leave_game":8,"minecraft:time_since_death":143556,"minecraft:total_world_time":143556,"minecraft:fly_one_cm":132095,"minecraft:fall_one_cm":418},"minecraft:used":{"minecraft:netherite_boots":1,"minecraft:iron_chestplate":1,"minecraft:diamond_chestplate":1,"minecraft:leather_leggings":1,"minecraft:diamond_boots":1,"canned_goods:soda":1,"minecraft:anvil":2,"minecraft:netherite_leggings":1,"minecraft:netherite_chestplate":1,"minecraft:netherite_axe":1,"minecraft:netherite_helmet":1,"minecraft:diamond_helmet":1,"minecraft:iron_helmet":1,"minecraft:leather_helmet":1,"minecraft:leather_chestplate":1,"minecraft:iron_boots":1,"minecraft:diamond_leggings":1,"minecraft:iron_leggings":1}},"DataVersion":3465}