{"stats":{"minecraft:used":{"minecraft:iron_chestplate":1,"minecraft:diamond_chestplate":1,"minecraft:leather_leggings":1,"minecraft:diamond_boots":1,"canned_goods:soda":1,"minecraft:diamond_helmet":1,"minecraft:iron_helmet":1,"minecraft:leather_helmet":1,"minecraft:leather_chestplate":1,"minecraft:iron_boots":1,"minecraft:diamond_leggings":1,"minecraft:iron_leggings":1},"minecraft:killed":{"minecraft:sheep":3,"minecraft:cow":2},"minecraft:custom":{"minecraft:time_since_rest":16886,"minecraft:crouch_one_cm":808,"minecraft:sprint_one_cm":20657,"minecraft:play_time":16886,"minecraft:walk_one_cm":16930,"minecraft:sneak_time":302,"minecraft:mob_kills":5,"minecraft:jump":278,"minecraft:damage_dealt":25,"minecraft:leave_game":1,"minecraft:time_since_death":16886,"minecraft:total_world_time":16886,"minecraft:fall_one_cm":418,"minecraft:fly_one_cm":111305},"minecraft:picked_up":{"minecraft:leather":1,"minecraft:beef":2,"minecraft:gray_wool":1,"minecraft:mutton":2}},"DataVersion":3465}