{"stats":{"minecraft:custom":{"minecraft:jump":91,"minecraft:time_since_rest":73723,"minecraft:walk_on_water_one_cm":650,"minecraft:damage_dealt":30,"minecraft:crouch_one_cm":869,"minecraft:sprint_one_cm":6715,"minecraft:play_time":73723,"minecraft:damage_taken":100,"minecraft:time_since_death":73723,"minecraft:walk_one_cm":18749,"minecraft:walk_under_water_one_cm":346,"minecraft:sneak_time":754,"minecraft:total_world_time":73723,"minecraft:fall_one_cm":1409,"minecraft:fly_one_cm":115543},"minecraft:picked_up":{"minecraft:rotten_flesh":1},"minecraft:used":{"marbledsarsenal:riot_armor_boots":1,"marbledsarsenal:riot_armor_helmet":1,"marbledsarsenal:riot_armor_chestplate":1,"minecraft:zombie_spawn_egg":1,"marbledsarsenal:riot_armor_leggings":1,"minecraft:skeleton_spawn_egg":9}},"DataVersion":3465}