{"stats":{"minecraft:used":{"minecraft:iron_chestplate":1,"minecraft:diamond_chestplate":1,"minecraft:leather_leggings":1,"minecraft:diamond_boots":1,"canned_goods:soda":1,"minecraft:anvil":2,"minecraft:diamond_helmet":1,"minecraft:iron_helmet":1,"minecraft:leather_helmet":1,"minecraft:leather_chestplate":1,"minecraft:iron_boots":1,"minecraft:diamond_leggings":1,"minecraft:iron_leggings":1},"minecraft:killed":{"minecraft:sheep":3,"minecraft:cow":2},"minecraft:custom":{"minecraft:time_since_rest":28886,"minecraft:crouch_one_cm":912,"minecraft:sprint_one_cm":22771,"minecraft:play_time":28886,"minecraft:walk_one_cm":20207,"minecraft:sneak_time":319,"minecraft:interact_with_anvil":4,"minecraft:mob_kills":5,"minecraft:jump":299,"minecraft:damage_dealt":25,"minecraft:leave_game":1,"minecraft:time_since_death":28886,"minecraft:total_world_time":28886,"minecraft:fall_one_cm":418,"minecraft:fly_one_cm":113399},"minecraft:picked_up":{"minecraft:leather":1,"minecraft:beef":2,"minecraft:gray_wool":1,"minecraft:mutton":2}},"DataVersion":3465}